<?xml version="1.0" encoding="utf-8"?>
<edmx:Edmx Version="4.0" xmlns:edmx="http://docs.oasis-open.org/odata/ns/edmx">
    <edmx:Reference Uri="https://sap.github.io/odata-vocabularies/vocabularies/Common.xml">
        <edmx:Include Alias="Common" Namespace="com.sap.vocabularies.Common.v1"/>
    </edmx:Reference>
    <edmx:Reference Uri="https://oasis-tcs.github.io/odata-vocabularies/vocabularies/Org.OData.Core.V1.xml">
        <edmx:Include Alias="Core" Namespace="Org.OData.Core.V1"/>
    </edmx:Reference>
    <edmx:Reference Uri="https://sap.github.io/odata-vocabularies/vocabularies/UI.xml">
        <edmx:Include Alias="UI" Namespace="com.sap.vocabularies.UI.v1"/>
    </edmx:Reference>
    <edmx:DataServices>
        <Schema Namespace="DraftEnableTestingService" xmlns="http://docs.oasis-open.org/odata/ns/edm">
            <EntityContainer Name="EntityContainer">
                <EntitySet Name="SrvAuthors" EntityType="DraftEnableTestingService.SrvAuthors">
                    <NavigationPropertyBinding Path="books" Target="SrvBooks"/>
                    <NavigationPropertyBinding Path="SiblingEntity" Target="SrvAuthors"/>
                </EntitySet>
                <EntitySet Name="SrvBooks" EntityType="DraftEnableTestingService.SrvBooks">
                    <NavigationPropertyBinding Path="author" Target="SrvAuthors"/>
                    <NavigationPropertyBinding Path="authors" Target="SrvAuthors"/>
                    <NavigationPropertyBinding Path="SiblingEntity" Target="SrvBooks"/>
                </EntitySet>
            </EntityContainer>
            <EntityType Name="SrvAuthors">
                <Key>
                    <PropertyRef Name="ID"/>
                    <PropertyRef Name="IsActiveEntity"/>
                </Key>
                <Property Name="ID" Type="Edm.Guid" Nullable="false"/>
                <Property Name="createdAt" Type="Edm.DateTimeOffset"/>
                <Property Name="createdBy" Type="Edm.String" MaxLength="100"/>
                <Property Name="modifiedAt" Type="Edm.DateTimeOffset"/>
                <Property Name="modifiedBy" Type="Edm.String" MaxLength="100"/>
                <NavigationProperty Name="books" Type="Collection(DraftEnableTestingService.SrvBooks)" Partner="authors"/>
                <Property Name="IsActiveEntity" Type="Edm.Boolean" Nullable="false" DefaultValue="true"/>
                <Property Name="HasActiveEntity" Type="Edm.Boolean" Nullable="false" DefaultValue="false"/>
                <Property Name="HasDraftEntity" Type="Edm.Boolean" Nullable="false" DefaultValue="false"/>
                <NavigationProperty Name="DraftAdministrativeData" Type="DraftEnableTestingService.DraftAdministrativeData" ContainsTarget="true"/>
                <NavigationProperty Name="SiblingEntity" Type="DraftEnableTestingService.SrvAuthors"/>
            </EntityType>
            <EntityType Name="SrvBooks">
                <Key>
                    <PropertyRef Name="ID"/>
                    <PropertyRef Name="IsActiveEntity"/>
                </Key>
                <Property Name="ID" Type="Edm.Guid" Nullable="false"/>
                <Property Name="title" Type="Edm.String" MaxLength="100"/>
                <Property Name="stock" Type="Edm.Int32"/>
                <Property Name="price" Type="Edm.Decimal" Scale="2" Precision="10"/>
                <Property Name="currency" Type="Edm.String" MaxLength="3"/>
                <NavigationProperty Name="author" Type="DraftEnableTestingService.SrvAuthors">
                    <ReferentialConstraint Property="author_ID" ReferencedProperty="ID"/>
                </NavigationProperty>
                <Property Name="author_ID" Type="Edm.Guid"/>
                <NavigationProperty Name="authors" Type="DraftEnableTestingService.SrvAuthors" Partner="books">
                    <ReferentialConstraint Property="authors_ID" ReferencedProperty="ID"/>
                </NavigationProperty>
                <Property Name="authors_ID" Type="Edm.Guid"/>
                <Property Name="IsActiveEntity" Type="Edm.Boolean" Nullable="false" DefaultValue="true"/>
                <Property Name="HasActiveEntity" Type="Edm.Boolean" Nullable="false" DefaultValue="false"/>
                <Property Name="HasDraftEntity" Type="Edm.Boolean" Nullable="false" DefaultValue="false"/>
                <NavigationProperty Name="DraftAdministrativeData" Type="DraftEnableTestingService.DraftAdministrativeData" ContainsTarget="true"/>
                <NavigationProperty Name="SiblingEntity" Type="DraftEnableTestingService.SrvBooks"/>
            </EntityType>
            <EntityType Name="DraftAdministrativeData">
                <Key>
                    <PropertyRef Name="DraftUUID"/>
                </Key>
                <Property Name="DraftUUID" Type="Edm.Guid" Nullable="false"/>
                <Property Name="CreationDateTime" Type="Edm.DateTimeOffset" Precision="7"/>
                <Property Name="CreatedByUser" Type="Edm.String" MaxLength="256"/>
                <Property Name="DraftIsCreatedByMe" Type="Edm.Boolean"/>
                <Property Name="LastChangeDateTime" Type="Edm.DateTimeOffset" Precision="7"/>
                <Property Name="LastChangedByUser" Type="Edm.String" MaxLength="256"/>
                <Property Name="InProcessByUser" Type="Edm.String" MaxLength="256"/>
                <Property Name="DraftIsProcessedByMe" Type="Edm.Boolean"/>
            </EntityType>
            <Action Name="draftPrepare" IsBound="true" EntitySetPath="in">
                <Parameter Name="in" Type="DraftEnableTestingService.SrvAuthors"/>
                <Parameter Name="SideEffectsQualifier" Type="Edm.String"/>
                <ReturnType Type="DraftEnableTestingService.SrvAuthors"/>
            </Action>
            <Action Name="draftPrepare" IsBound="true" EntitySetPath="in">
                <Parameter Name="in" Type="DraftEnableTestingService.SrvBooks"/>
                <Parameter Name="SideEffectsQualifier" Type="Edm.String"/>
                <ReturnType Type="DraftEnableTestingService.SrvBooks"/>
            </Action>
            <Action Name="draftActivate" IsBound="true" EntitySetPath="in">
                <Parameter Name="in" Type="DraftEnableTestingService.SrvAuthors"/>
                <ReturnType Type="DraftEnableTestingService.SrvAuthors"/>
            </Action>
            <Action Name="draftActivate" IsBound="true" EntitySetPath="in">
                <Parameter Name="in" Type="DraftEnableTestingService.SrvBooks"/>
                <ReturnType Type="DraftEnableTestingService.SrvBooks"/>
            </Action>
            <Action Name="draftEdit" IsBound="true" EntitySetPath="in">
                <Parameter Name="in" Type="DraftEnableTestingService.SrvAuthors"/>
                <Parameter Name="PreserveChanges" Type="Edm.Boolean"/>
                <ReturnType Type="DraftEnableTestingService.SrvAuthors"/>
            </Action>
            <Action Name="draftEdit" IsBound="true" EntitySetPath="in">
                <Parameter Name="in" Type="DraftEnableTestingService.SrvBooks"/>
                <Parameter Name="PreserveChanges" Type="Edm.Boolean"/>
                <ReturnType Type="DraftEnableTestingService.SrvBooks"/>
            </Action>
            <Annotations Target="DraftEnableTestingService.EntityContainer/SrvAuthors">
                <Annotation Term="Common.DraftRoot">
                    <Record Type="Common.DraftRootType">
                        <PropertyValue Property="ActivationAction" String="DraftEnableTestingService.draftActivate"/>
                        <PropertyValue Property="EditAction" String="DraftEnableTestingService.draftEdit"/>
                        <PropertyValue Property="PreparationAction" String="DraftEnableTestingService.draftPrepare"/>
                    </Record>
                </Annotation>
            </Annotations>
            <Annotations Target="DraftEnableTestingService.SrvAuthors/ID">
                <Annotation Term="Core.Computed" Bool="true"/>
            </Annotations>
            <Annotations Target="DraftEnableTestingService.SrvAuthors/IsActiveEntity">
                <Annotation Term="UI.Hidden" Bool="true"/>
            </Annotations>
            <Annotations Target="DraftEnableTestingService.SrvAuthors/HasActiveEntity">
                <Annotation Term="UI.Hidden" Bool="true"/>
            </Annotations>
            <Annotations Target="DraftEnableTestingService.SrvAuthors/HasDraftEntity">
                <Annotation Term="UI.Hidden" Bool="true"/>
            </Annotations>
            <Annotations Target="DraftEnableTestingService.SrvAuthors/DraftAdministrativeData">
                <Annotation Term="UI.Hidden" Bool="true"/>
            </Annotations>
            <Annotations Target="DraftEnableTestingService.EntityContainer/SrvBooks">
                <Annotation Term="Common.DraftRoot">
                    <Record Type="Common.DraftRootType">
                        <PropertyValue Property="ActivationAction" String="DraftEnableTestingService.draftActivate"/>
                        <PropertyValue Property="EditAction" String="DraftEnableTestingService.draftEdit"/>
                        <PropertyValue Property="PreparationAction" String="DraftEnableTestingService.draftPrepare"/>
                    </Record>
                </Annotation>
            </Annotations>
            <Annotations Target="DraftEnableTestingService.SrvBooks/ID">
                <Annotation Term="Core.Computed" Bool="true"/>
            </Annotations>
            <Annotations Target="DraftEnableTestingService.SrvBooks/IsActiveEntity">
                <Annotation Term="UI.Hidden" Bool="true"/>
            </Annotations>
            <Annotations Target="DraftEnableTestingService.SrvBooks/HasActiveEntity">
                <Annotation Term="UI.Hidden" Bool="true"/>
            </Annotations>
            <Annotations Target="DraftEnableTestingService.SrvBooks/HasDraftEntity">
                <Annotation Term="UI.Hidden" Bool="true"/>
            </Annotations>
            <Annotations Target="DraftEnableTestingService.SrvBooks/DraftAdministrativeData">
                <Annotation Term="UI.Hidden" Bool="true"/>
            </Annotations>
            <Annotations Target="DraftEnableTestingService.DraftAdministrativeData">
                <Annotation Term="Common.Label" String="{i18n>Draft_DraftAdministrativeData}"/>
                </Annotations>
                <Annotations Target="DraftEnableTestingService.DraftAdministrativeData/DraftUUID">
                    <Annotation Term="UI.Hidden" Bool="true"/>
                    <Annotation Term="Common.Label" String="{i18n>Draft_DraftUUID}"/>
                    </Annotations>
                    <Annotations Target="DraftEnableTestingService.DraftAdministrativeData/CreationDateTime">
                        <Annotation Term="Common.Label" String="{i18n>Draft_CreationDateTime}"/>
                        </Annotations>
                        <Annotations Target="DraftEnableTestingService.DraftAdministrativeData/CreatedByUser">
                            <Annotation Term="Common.Label" String="{i18n>Draft_CreatedByUser}"/>
                            </Annotations>
                            <Annotations Target="DraftEnableTestingService.DraftAdministrativeData/DraftIsCreatedByMe">
                                <Annotation Term="UI.Hidden" Bool="true"/>
                                <Annotation Term="Common.Label" String="{i18n>Draft_DraftIsCreatedByMe}"/>
                                </Annotations>
                                <Annotations Target="DraftEnableTestingService.DraftAdministrativeData/LastChangeDateTime">
                                    <Annotation Term="Common.Label" String="{i18n>Draft_LastChangeDateTime}"/>
                                    </Annotations>
                                    <Annotations Target="DraftEnableTestingService.DraftAdministrativeData/LastChangedByUser">
                                        <Annotation Term="Common.Label" String="{i18n>Draft_LastChangedByUser}"/>
                                        </Annotations>
                                        <Annotations Target="DraftEnableTestingService.DraftAdministrativeData/InProcessByUser">
                                            <Annotation Term="Common.Label" String="{i18n>Draft_InProcessByUser}"/>
                                            </Annotations>
                                            <Annotations Target="DraftEnableTestingService.DraftAdministrativeData/DraftIsProcessedByMe">
                                                <Annotation Term="UI.Hidden" Bool="true"/>
                                                <Annotation Term="Common.Label" String="{i18n>Draft_DraftIsProcessedByMe}"/>
                                                </Annotations>
                                            </Schema>
                                        </edmx:DataServices>
                                    </edmx:Edmx>