{
  "i18n/i18n.properties": 1673156067385,
  "test/integration/pages/SrvAuthorsObjectPage.js": 1673155977529,
  "manifest.json": 1673156375519,
  "test/integration/pages/SrvBooksObjectPage.js": 1673155977529,
  "xs-app.json": 1673156375519,
  "test/integration/opaTests.qunit.js": 1673155977493,
  "test/integration/FirstJourney.js": 1673155977541,
  "test/testsuite.qunit.js": 1673155977449,
  "Component.js": 1673155977401,
  "manifest-bundle.zip": 1673156387404,
  "Component-preload.js": 1673156387517,
  "test/integration/opaTests.qunit-dbg.js": 1673155977493,
  "test/integration/pages/SrvAuthorsObjectPage-dbg.js": 1673155977529,
  "test/integration/pages/SrvBooksObjectPage-dbg.js": 1673155977529,
  "test/integration/FirstJourney-dbg.js": 1673155977541,
  "test/testsuite.qunit-dbg.js": 1673155977449,
  "Component-dbg.js": 1673155977401,
  "test/integration/opaTests.qunit.html": 1673155977493,
  "test/testsuite.qunit.html": 1673155977441,
  "test/flpSandbox.html": 1673155977441,
  "localService/metadata.xml": 1673155977429,
  "annotations/annotation.xml": 1673155977429,
  "index.html": 1673155977401
}